{"final_train_loss": 0.8153533935546875, "best_val_loss": 1.4731581211090088, "total_train_time": 97.26092314720154, "avg_inference_tokens_per_second": 634.8615557273264}