{"final_train_loss": 0.9349523782730103, "best_val_loss": 1.0040355920791626, "total_train_time": 1212.1419475078583, "avg_inference_tokens_per_second": 651.9546315089241}