{"final_train_loss": 0.005523391999304295, "final_val_loss": 0.006222570780664682, "final_train_acc": 1.0, "final_val_acc": 1.0, "step_val_acc_99": 3610}