{"final_train_loss": 0.013630354776978493, "final_val_loss": 8.61458683013916, "final_train_acc": 1.0, "final_val_acc": 0.006591796875, "step_val_acc_99": 7500}