{"final_train_loss": 1.4624165296554565, "final_val_loss": 0.3820779323577881, "final_train_acc": 0.725390613079071, "final_val_acc": 0.9755859375, "step_val_acc_99": 3280}