{"final_train_loss": 0.12509623169898987, "final_val_loss": 7.491299629211426, "final_train_acc": 0.982226550579071, "final_val_acc": 0.015625, "step_val_acc_99": 7500}