{"final_train_loss": 0.009132936596870422, "final_val_loss": 7.483328819274902, "final_train_acc": 1.0, "final_val_acc": 0.013427734375, "step_val_acc_99": 7500}