{"final_train_loss": 0.0027974469121545553, "final_val_loss": 0.0029193153604865074, "final_train_acc": 1.0, "final_val_acc": 1.0, "step_val_acc_99": 2360}