{"final_train_loss": 0.004114279989153147, "final_val_loss": 0.004752122797071934, "final_train_acc": 1.0, "final_val_acc": 1.0, "step_val_acc_99": 4220}