{"final_train_loss": 0.2416248619556427, "final_val_loss": 0.11874215304851532, "final_train_acc": 0.9683594107627869, "final_val_acc": 0.993896484375, "step_val_acc_99": 2120}