{"final_train_loss": 0.008110640570521355, "final_val_loss": 0.0104306535795331, "final_train_acc": 1.0, "final_val_acc": 1.0, "step_val_acc_99": 4140}