{"final_train_loss": 0.0078058489598333836, "final_val_loss": 0.009075971320271492, "final_train_acc": 1.0, "final_val_acc": 1.0, "step_val_acc_99": 3500}