{"final_train_loss": 0.006900861393660307, "final_val_loss": 0.008306857198476791, "final_train_acc": 1.0, "final_val_acc": 1.0, "step_val_acc_99": 4650}