{"final_train_loss": 0.007447723299264908, "final_val_loss": 0.009054496884346008, "final_train_acc": 1.0, "final_val_acc": 1.0, "step_val_acc_99": 5370}