{"shakespeare_char": {"means": {"final_train_loss_mean": 0.8173830509185791, "best_val_loss_mean": 1.4637625217437744, "total_train_time_mean": 92.05195260047913, "avg_inference_tokens_per_second_mean": 697.3658396135052}, "stderrs": {"final_train_loss_stderr": 0.0, "best_val_loss_stderr": 0.0, "total_train_time_stderr": 0.0, "avg_inference_tokens_per_second_stderr": 0.0}, "final_info_dict": {"final_train_loss": [0.8173830509185791], "best_val_loss": [1.4637625217437744], "total_train_time": [92.05195260047913], "avg_inference_tokens_per_second": [697.3658396135052]}}}